Ингредиент,Единица измерения,Калорийность
Абрикос консервированный,кг,86.0
Абрикосы,кг,40.5
Абсент,л,140.0
Авокадо,кг,190.7
Агар пищевой,кг,320.0
Аджика перечная,кг,16.0
Айва,кг,38.5
Айран кисломолочный,кг,56.4
Акула,кг,142.6
Алыча,кг,26.4
Альгинат Натрия (Sodium Alginat),кг,0.9
Ананас,кг,49.4
Ананас консервированный,кг,65.4
Ангостура настойка,кг,0.0
Анчоус атлантический свежий,кг,135.3
Анчоус консервированный в масле,кг,190.8
Апельсин,кг,37.8
Арбуз,кг,39.8
Ароматизатор идентичный натуральному,кг,0.0
Артишоки,кг,29.7
Артишоки консервированные,кг,60.2
Багет для французского хот-дога, 185 мм,шт,236.5
Багет французский,кг,277.5
Баклажаны,кг,26.1
Балык Маслянной рыбы х/к,кг,194.1
Балык Палтуса х/к,кг,177.3
Балык осетровый вяленый (провесной),кг,177.3
Балык осетровый холодного копчения,кг,194.1
Балык сома провесной (спинка),кг,177.3
Балык толстолоба провесной (спинка),кг,177.3
Бамия свежая,кг,32.2
Бананы,кг,90.9
Баранина Мякоть,кг,197.6
Баранина Ребра,кг,197.6
Баранина Семенники,кг,100.9
Баранина задняя нога на кости,кг,197.6
Баранина корейка (Каре молодого барашка),кг,257.1
Баранина легкое,кг,83.1
Баранина печень,кг,100.9
Баранина сердце,кг,85.5
Баранки простые,кг,309.7
Бастурма в специях,кг,146.0
Батат,кг,119.2
Батон нарезной,шт,257.0
Бекон с прослойками жира,кг,275.6
Бехеровка Настойка,л,0.0
Бисквит (по типовой рецептуре),кг,479.6
Бифштекс говяжий из рубленного мяса,кг,170.1
Бифштекс куриный из рубленного мяса в панировке,кг,250.8
Блины фаршированные с/м,шт,184.2
Бобы черные,кг,348.6
Брусника,кг,39.3
Бублик пшеничный,шт,261.5
Булгур Крупа,кг,364.6
Булочка Чили 125*125 мм,шт,262.0
Булочка баварская,кг,308.3
Булочка городская (мука пшеничная высшего сорта),шт,260.8
Булочка для гамбургера 100 мм,шт,265.0
Булочка для гамбургера 110 мм,шт,267.0
Булочка для гамбургера 125 мм,шт,267.0
Булочка для гамбургера 125 мм мультизлаковая с чернилами каракатицы,шт,267.0
Булочка для гамбургера 90 мм,шт,267.0
Булочка для гамбургера с кунжутом 100 мм,шт,267.0
Булочка для гамбургеров,кг,276.6
Булочка для датского хот-дога с кунжутом,шт,267.0
Булочка пшеничная,шт,261.5
Булочка с солодом и кориандром п/ф,шт,308.7
Булочка сдобная,кг,335.4
Бульон сухой говяжий,кг,150.0
Бульон сухой грибной,кг,256.1
Бульон сухой куриный,кг,239.8
Бульон сухой овощной,кг,256.1
Бульон сухой рыбный,кг,239.8
Бумага упаковочная,шт,0.0
Валован из слоеного теста п/ф,кг,383.7
Ванильные палочки,кг,55.7
Варенье из айвы,кг,276.4
Варенье из вишни,кг,117.4
Варенье из грецкого ореха,кг,248.0
Варенье из груш,кг,285.2
Варенье из ежевики,кг,85.3
Варенье из инжира,кг,113.9
Варенье из кизила,кг,256.8
Варенье из клубники,кг,284.8
Варенье из малины,кг,287.2
Варенье из персиков,кг,259.2
Варенье из сливы,кг,295.2
Варенье из черешни,кг,102.6
Васаби готовый,кг,181.0
Васаби порошок,кг,372.8
Вафельные трубочки,кг,544.2
Вафли Брюссельские с сахаром МакКейн,кг,285.1
Вафли с жиросодержащими начинками,кг,544.2
Вафли с фруктовыми начинками,кг,358.4
Вермут Сухой,л,2.8
Вермут сладкий,л,63.6
Ветчина,кг,126.2
Ветчина Пармская или Хамон безкостн,кг,287.6
Вино белое,л,2.8
Вино игристое полусладкое,л,20.8
Вино красное крепленое,л,48.4
Вино красное сухое,л,1.2
Вино полусладкое,л,20.8
Виноград,кг,64.2
Виноградные листья маринованные,кг,0.0
Виски,л,0.0
Вишня,кг,48.9
Вишня коктейльная в сиропе,кг,242.1
Вобла каспийская вяленая,кг,235.1
Вода минеральная Нарзан,л,0.0
Вода минеральная газированная,л,0.0
Вода питьевая,л,0.0
Водка,л,0.0
Водоросли Вакаме,кг,150.0
Водоросли Комбу,кг,147.9
Водоросли Нори,кг,277.7
Водоросли Тосака сушеные,кг,36.0
Галеты из муки высшего сорта,кг,404.2
Гель зеркальный нейтральный,кг,256.0
Глазурь,кг,557.0
Глутомат натрия (Аджино - мото),кг,0.0
Говядина Антрекот (толстый, тонкий край),кг,104.6
Говядина Брезаола (сыровяленная),кг,146.0
Говядина Кости,кг,425.0
Говядина Легкое,кг,103.1
Говядина Мраморная (Мякоть),кг,226.0
Говядина Мраморная (Рибай, Стриплоин),кг,226.0
Говядина Мякоть,кг,104.6
Говядина Семенники,кг,104.9
Говядина Хвосты,кг,104.6
Говядина варено-копченая,кг,146.0
Говядина вымя,кг,172.5
Говядина вырезка,кг,106.0
Говядина мозги,кг,124.2
Говядина оковалок,кг,104.6
Говядина печень,кг,104.9
Говядина почки,кг,86.0
Говядина сердце,кг,95.5
Говядина стейк T-bone,кг,224.6
Голубика,кг,32.0
Голубцы мясные п/ф пром. производства,кг,91.1
Горбуша консервированная,кг,135.8
Горбуша свежая потрошенная с головой,кг,147.0
Горбуша х/к потрошенная с головой,кг,169.4
Горох,кг,294.4
Горох лущеный,кг,309.6
Горошек зеленый консервированный,кг,40.2
Горошек зеленый свежий или с/м,кг,73.0
Горчица Дижонская,кг,29.0
Горчица Фисташково-Апельсиновая,кг,29.0
Горчица готовая,кг,141.0
Горчица зернистая,кг,141.0
Горчичный порошок,кг,271.9
Гранат,кг,48.4
Гребешок коралловый сушеный,кг,277.7
Гребешок морской с/м,кг,76.7
Грейпфрут,кг,31.4
Гречневая ядрица,кг,328.5
Грибы Белые свежие,кг,34.5
Грибы Белые сушеные,кг,154.0
Грибы Вешенки,кг,26.6
Грибы Грузди маринованные,кг,20.2
Грибы Грузди свежие,кг,16.4
Грибы Иноки сырые,кг,34.9
Грибы Лисички маринованные,кг,18.3
Грибы Лисички свежие,кг,22.3
Грибы Маслята маринованные,кг,14.9
Грибы Маслята свежие,кг,17.9
Грибы Намеко (Nameko) консервированные,кг,15.7
Грибы Опята свежие,кг,21.6
Грибы Сморчки свежие,кг,16.0
Грибы Трюфеля черные,кг,24.5
Грибы Шампиньоны свежие,кг,26.6
Грибы Шиитаке свежие,кг,40.5
Грибы Шиитаке сушеные,кг,293.6
Грибы белые маринованные,кг,41.4
Грибы древесные черные сушеные (Китай),кг,293.6
Грибы опята маринованные,кг,41.4
Грибы сморчки сушеные (Китай),кг,163.5
Грибы сушеные (Ассорти),кг,154.0
Грибы устричные свежие или с/м,кг,26.6
Грибы шампиньоны маринованные,кг,41.4
Грудинка свиная копчено-запеченная,кг,514.3
Груша в сиропе,кг,60.4
Груша свежая,кг,42.3
Груша сушеная,кг,205.2
Гусь целый (обработанная тушка 1 категории),кг,411.8
Дайкон,кг,21.2
Джем из абрикосов,кг,277.2
Джем из апельсинов,кг,272.4
Джем из вишни,кг,265.0
Джем из малины,кг,240.2
Джем из черной смородины,кг,275.2
Джин,л,0.0
Дорадо тушки,кг,87.0
Драже сахарное,кг,392.0
Дрожжи прессованные,кг,75.1
Дрожжи сухие,кг,169.9
Дыня,кг,38.8
Ежевика,кг,25.6
Желатин листовой,кг,344.5
Желатин пищевой,кг,355.2
Желе из красной смородины,кг,285.6
Жир бараний (Курдючный),кг,840.8
Жир говяжий (сырец),кг,897.3
Жир кондитерский для шоколадных изделий, конфет и пищевых концентратов,кг,897.3
Жир свиной,кг,897.3
Жир утиный,кг,897.3
Жировая сетка (Прятине),кг,867.8
Заяц тушка обработанный,кг,183.4
Зелень Кинза (Кориандр),кг,32.8
Зелень Крапива,кг,32.8
Зелень Мята,кг,42.7
Зелень Петрушка,кг,50.4
Зелень Розмарин,кг,32.8
Зелень Руккола,кг,32.8
Зелень Салат,кг,17.0
Зелень Тимьян,кг,32.8
Зелень Укроп,кг,30.9
Зелень Шалфей,кг,32.8
Зелень Эстрагон,кг,32.8
Зелень базилик,кг,32.8
Зелень бамбуковый лист,кг,32.8
Зефир,кг,316.4
Изделие кондитерское, обогащенное железом (гемоглобином),кг,456.4
Изюм,кг,271.2
Икра Белужья зернистая,кг,236.6
Икра Лососевая,кг,250.6
Икра Осетровая зернистая,кг,202.9
Икра из баклажан (пром. производства),кг,146.9
Икра из кабачков (пром. производства),кг,123.2
Икра кетовая,кг,248.8
Икра летучей рыбы Красная,кг,280.6
Икра летучей рыбы Оранжевая,кг,280.6
Икра летучей рыбы Черная,кг,280.6
Икра летучей рыбы зеленая (Вассабико),кг,498.1
Икра минтаевая пробойная,кг,130.7
Икра мойвы,кг,296.4
Икра судака свежая,кг,88.0
Имбирь маринованный (для роллов, суши),кг,15.5
Имбирь свежий (корень),кг,77.1
Индейка Филе грудки,кг,104.8
Индейка сыровяленная, копченая,кг,198.0
Индейка целая (тушка 1 категории),кг,276.0
Инжир,кг,49.4
Инжир сушеный,кг,240.4
Ирис полутвердый,кг,407.9
Йогурт 1,5% жирности,кг,47.5
Йогурт 1,5% жирности сладкий,кг,67.5
Йогурт 3,2% жирности,кг,62.8
Йогурт 3,2% жирности сладкий,кг,82.8
Йогурт 6% жирности,кг,88.0
Йогурт 6% жирности сладкий,кг,108.0
Кабан мякоть,кг,116.0
Кабачки, Цуккини,кг,24.7
Какао порошок,кг,365.9
Кактус маринованный,кг,31.4
Кальмар Банно-Монго,кг,75.3
Кальмар копченый,кг,191.0
Кальмар филе с кожицей с/м,кг,109.8
Камбала азово-черноморская неразделанная,кг,84.5
Каперсы маринованные,кг,23.9
Капуста Пекинская (Китайская),кг,26.9
Капуста белокочанная,кг,26.9
Капуста белокочанная квашенная,кг,16.0
Капуста брокколи,кг,32.9
Капуста брюссельская свежемороженая,кг,42.8
Капуста морская сушеная,кг,150.0
Капуста по - грузински,кг,26.9
Капуста савойская,кг,26.9
Капуста цветная,кг,30.7
Каракатица разделанная,кг,109.8
Карамбола,кг,34.1
Карамель,кг,383.7
Карась речной,кг,87.0
Карбонат копченый,кг,468.6
Кармашки кукурузные Тако,кг,458.0
Карп, сазан,кг,116.5
Картофель,кг,76.8
Картофель п/ф мороженный,кг,145.0
Картофельное пюре сухое,кг,340.6
Картофельные дольки п/ф с/м,кг,145.0
Каштаны,кг,178.7
Квас хлебный,л,20.8
Кетчуп томатный,кг,121.7
Кеты соломка вяленая,кг,271.0
Кефир жирный,кг,56.4
Кефир нежирный,кг,27.7
Киви,кг,51.3
Кижуч вяленый слайсы,кг,271.0
Килька соленая,кг,136.8
Кирш (вишневая водка),кг,0.0
Кислота лимонная,кг,0.0
Клубника,кг,32.0
Клыкач х/к (балык),кг,169.4
Клюква,кг,17.2
Козлобородник корень,кг,76.2
Кока-кола,л,41.6
Кокосовая стружка,кг,606.0
Кокосовое молоко,кг,163.0
Колбаса Вареная Говяжья,кг,165.3
Колбаса Вареная Докторская,кг,257.0
Колбаса Вареная Молочная,кг,252.0
Колбаса Пеппероне,кг,472.7
Колбаса Полукопченая Краковская,кг,466.2
Колбаса Полукопченая Охотничьи колбаски,кг,462.8
Колбаса Салями,кг,438.4
Колбаса Салями Милано,кг,438.4
Колбаса Сырокопченая,кг,472.7
Колбаса Сырокопченая Сервелат,кг,460.5
Колбаса Чоризо,кг,448.3
Колбаса п/к Сервелат,кг,425.3
Колбаска белая н/о Улитка,кг,351.0
Колбаски Вайсвурст для жарки,кг,261.0
Колбаски из говядины с вялеными помидорами,кг,399.0
Колбаски из телятины с кизилом,кг,261.0
Колбаски из ягнятины,кг,399.0
Колбаски куриные с вялеными помидорами,кг,360.0
Кольца кальмара в панировке с/м,кг,396.5
Конина мякоть,кг,127.0
Конина сыровяленная,кг,146.0
Конфеты M&M,кг,474.7
Конфеты Рафаэлло,кг,555.4
Конфеты Шоколадные с комбинированными корпусами (Глазированные шоколадом),кг,425.8
Конфеты Шоколадные с пролиновыми корпусами (Глазированные шоколадом),кг,561.9
Конфеты Шоколадные с шоколадно-ореховыми корпусами (Глазированные шоколадом),кг,555.4
Конфеты помадные,кг,384.6
Конфитюр, джем,кг,132.0
Концентрат  соуса карри "Ява",кг,499.4
Концентрат Каке Каэши,кг,96.0
Концентрат напитка "Золотой Шар" на сахаре,кг,373.2
Концентрат соус Буккае Каэши,кг,124.0
Концентрат соуса Карри "Вермонт",кг,543.5
Коньяк (бренди),л,0.0
Коппа (Сыровяленная свиная шейка),кг,605.3
Корейка свиная копчено-запеченная без кости,кг,474.6
Корж вафельный,кг,304.4
Корж для пиццы, сырой,кг,304.4
Корзиночка (тарталетка) из песочного теста,кг,433.8
Корнишоны маринованные,кг,10.5
Коробка картонная,шт,0.0
Кости свинокопченостей,кг,216.0
Косуля мякоть,кг,138.4
Котлета для гамбургера с/м,кг,106.3
Кофе натуральный в капсулах,шт,196.4
Кофе натуральный обжаренный,кг,196.4
Кофе растворимый,кг,76.4
Кофейный напиток (сухой концентрат из цикория),кг,56.2
Краб камчатский (ножки в панцире) в/м,кг,96.4
Краб камчатский в/м (мякоть),кг,96.4
Краб консервированный,кг,85.1
Крабовые палочки (Сурими),кг,70.0
Краситель пищевой,кг,0.0
Крахмал Sakura (Япония),кг,357.2
Крахмал картофельный,кг,318.8
Крахмал кукурузный,кг,350.2
Креветка Ама Эби в/м разделанная,кг,82.3
Креветки  Гигантские с/м,кг,95.4
Креветки Королевские в/м,кг,97.7
Креветки антарктические консервированные,кг,81.1
Креветки в панцире варено-мороженные,кг,97.7
Креветки в/м очищенные,кг,97.7
Креветки вяленые,кг,271.0
Креветки тигровые без головы,кг,95.4
Креветки тигровые с/м,кг,284.4
Крекеры из муки высшего сорта,кг,428.1
Креманка 300 грамм,шт,0.0
Креманка 600 грамм,шт,0.0
Креманка десертная кристалл,шт,0.0
Кролик ножки,кг,183.4
Кролик сыровяленный,кг,188.0
Кролик тушка,кг,183.4
Круассан без наполнителя,кг,383.7
Крыжовник,кг,41.0
Крылышки куриные маринованные п/ф,кг,184.6
Ксантановая Смола (Xanthan Gum),кг,2.0
Кукуруза в початках,кг,115.9
Кукуруза в початках консервированная,кг,57.2
Кукуруза консервированная или с/м,кг,57.2
Кукурузная крупа,кг,330.4
Кукурузные хлопья Corn Flakes,кг,398.1
Кулинарный жир,кг,899.1
Кумкват,кг,78.9
Кунжут (семена),кг,564.7
Кунжут обжаренный черный,кг,643.0
Кунжутная паста JNP,кг,680.7
Купаты Восточные с гранатом,кг,261.0
Купаты Говяжьи,кг,399.0
Купаты Кейптаун,кг,226.0
Купаты Классические,кг,375.0
Купаты Королевские,кг,367.0
Купаты Куриные с беконом,кг,158.4
Купаты Марроканские,кг,367.0
Купаты Ньюмаркет,кг,375.0
Купаты Тулузские свинина и говядина,кг,367.0
Купаты Французские,кг,167.0
Купаты бефстроганов,кг,363.0
Купаты итальянские острые,кг,367.0
Купаты куриные,кг,360.0
Купаты куриные с базиликом,кг,347.0
Купаты с/м,кг,261.0
Купаты свиные с моцареллой,кг,367.0
Купаты свиные с трюфелем,кг,371.0
Купаты чагос (харисса),кг,344.0
Курага (Абрикосы без косточки),кг,240.8
Куриная грудка копченая без кости,кг,137.0
Куриные кости, обрезь,кг,72.8
Куриные крылышки в панировке с/м,кг,197.9
Куры Грудка с костью, свежемороженная,кг,113.1
Куры Мышечный желудок (цыплят бройлеров),кг,122.0
Куры Мякоть без кости,кг,184.6
Куры Окорочка,кг,184.6
Куры Печень (цыплят бройлеров),кг,121.7
Куры Сердце,кг,159.1
Куры Филе грудки,кг,113.1
Куры Цыпленок,кг,241.2
Куры крылышки,кг,184.6
Куры целые (тушки 1 категории),кг,241.2
Кус кус,кг,358.0
Лаваш армянский, тонкий,кг,270.3
Лайм,кг,16.5
Лакедра (Желтохвост) филе с/м,кг,111.0
Лактат Кальция (Calcium lactate),кг,240.0
Лангустины с/м,кг,96.4
Лапша Соба,кг,362.4
Лапша Фунчеза,кг,338.4
Лапша гречневая,кг,348.5
Лапша из соевых бобов зеленая,кг,338.4
Лапша пшеничная Удон,кг,409.0
Лапша яичная,кг,409.0
Лед пищевой,кг,0.0
Лепешка Тортилья,кг,280.2
Лещ крупный и средний вяленый,кг,221.1
Лещ свежий неразделанный,кг,105.3
Ликер Амаретто,л,108.8
Ликер Бейлис,кг,229.0
Ликер Галлиано,л,97.6
Ликер Калуа,л,192.0
Ликер Кокосовый,л,80.0
Ликер Куантро,л,97.6
Ликер Мятный,л,131.2
Ликер Самбука,л,140.0
Ликер Сливочный,л,236.1
Ликер из плодов личи,л,131.2
Ликер фруктовый,л,131.2
Лимон,кг,16.5
Лимонад,кг,40.9
Личи плоды свежие,кг,61.7
Лосось консервированный в с/с,кг,153.4
Лосось свежий (филе с кожей),кг,179.8
Лосось слабосоленый (филе с кожей),кг,142.1
Лосось тушка потрошенная с головой,кг,179.8
Лосятина Мякоть,кг,104.9
Лук Сибулет (резанец),кг,19.2
Лук зеленый (перо),кг,19.2
Лук порей,кг,34.0
Лук репчатый,кг,42.0
Лук репчатый красный,кг,42.0
Лук шалот,кг,21.0
Луковые кольца в панировке,кг,238.5
Люля - кебаб мясной п/ф пром. производства,кг,362.6
Лягушачьи лапки (Китай),кг,64.0
Майонез Провансаль,кг,625.0
Майонез высокой жирности,кг,712.4
Мак (семена),кг,505.5
Макаронные изделия I сорта,кг,328.1
Макаронные изделия Лазанья,кг,330.3
Макаронные изделия высшего сорта,кг,330.3
Макароны Каннелоне (Италия),кг,330.3
Макароны Пенне (Италия),кг,330.3
Макароны Спагетти (Италия),кг,330.3
Макароны Спагетти с чернилами каракатицы (Италия),кг,330.3
Макароны Тальятелле (Италия),кг,330.3
Макароны Фетуччини,кг,330.3
Макароны Фузилли (Италия),кг,330.3
Малина,кг,39.1
Манго,кг,61.0
Манго консервированное (дольки),кг,61.0
Мандарин,кг,38.3
Манная крупа,кг,321.0
Маракуйя,кг,37.2
Маргарин жидкий Rama Comby Profi,кг,347.6
Маргарин сливочный,кг,743.2
Мармелад желейный формовой,кг,311.7
Марципан пром. производства,кг,405.9
Маслины без косточки консервированные,кг,174.7
Маслины с косточкой гигантские консервированные,кг,174.7
Маслины с косточкой консервированные,кг,174.7
Масло арахисовое нерафинированное,кг,828.0
Масло грецкого ореха нерафинированное,кг,828.0
Масло кунжутное нерафинированное,кг,828.0
Масло медовое,кг,885.6
Масло оливковое Extra Virgin,кг,828.0
Масло оливковое рафинированное,кг,899.1
Масло оливковое с ароматом трюфеля,кг,828.0
Масло подсолнечное нерафинированное,кг,828.0
Масло подсолнечное рафинированное,л,899.1
Масло сливочное несоленое,кг,747.7
Масло топленое,кг,885.6
Масло шоколадное,кг,638.4
Масляная рыба,кг,113.0
Масса творожная сладкая,кг,345.4
Мастика сахарная белая,кг,393.0
Маффин готовый замороженный,шт,444.6
Мед натуральный,кг,324.4
Медвежатина мякоть,кг,155.1
Мидии Киви,кг,36.4
Мидии в раковине,кг,49.9
Мидии вяленые,кг,271.0
Мидии копченые в масле,кг,318.5
Мидии очищенные с/м,кг,49.9
Микс Венский,кг,351.4
Минтай с/м разделанный обезглавленный,кг,71.7
Мирин,л,106.2
Мисо - паста,кг,152.3
Мицукан Уксус,л,200.0
Мойва с/м,кг,116.3
Моллюск рапана свежий,кг,76.7
Молоки рыбные (Кета),кг,76.0
Молоко пастеризованное 1,5% жирности,кг,44.0
Молоко пастеризованное 2,5% жирности,кг,52.7
Молоко пастеризованное 3,2% жирности,кг,58.8
Молоко пастеризованное 3,5% жирности,кг,61.4
Молоко сгущенное с сахаром,кг,329.3
Молоко сгущеное вареное,кг,329.3
Молоко сухое цельное,кг,479.0
Молочный коктейль Чудо,кг,67.2
Морковь корейская,кг,113.6
Морковь молодая с/м очищенная,кг,34.9
Морковь столовая свежая,кг,34.9
Мороженое Ваниль,кг,182.4
Мороженое Клубника,кг,182.4
Мороженое Пломбир,кг,231.0
Мороженое Пломбир крем-брюле,кг,239.0
Мороженое Шоколадное,кг,182.4
Мороженое Японское,кг,231.0
Мороженое сливочное,кг,182.4
Морс Ягодный,кг,31.6
Морская капуста,кг,5.4
Морской коктейль в соусе Condi scoglio,кг,109.1
Морской коктейль с/м,кг,87.5
Морской петушок,кг,96.3
Морской черт филе с/м,кг,83.5
Морской язык филе с/м,кг,83.1
Мука Пшеничная высшего сорта,кг,326.7
Мука Ржаная обдирная,кг,291.7
Мука кукурузная,кг,323.1
Мука пшеничная для пиццы (Италия),кг,326.7
Мука темпурная,кг,326.7
Муксун х/к,кг,271.0
Мюсли без сахара,кг,380.6
Мясной бульон Даши сухой,кг,239.0
Мясной набор,кг,466.2
Наггетсы Куриные в панировке,кг,250.8
Налим,кг,84.5
Нельма свежая филе,кг,88.0
Нерка вяленая (филе с кожей),кг,271.0
Нут,кг,304.7
Облепиха,кг,46.1
Овощная смесь с/м,кг,44.1
Овсянная крупа,кг,297.7
Овсяные хлопья Геркулес,кг,300.2
Огурцы,кг,14.5
Огурцы соленые,кг,10.5
Окорочка куриные копченые,кг,212.2
Окунь Изуми Тай филе,кг,70.1
Окунь свежий,кг,82.1
Оленина 1 категории,кг,154.5
Оленина сыровяленная,кг,146.0
Оливки консервированные,кг,174.7
Оливки фаршированные анчоусом,кг,174.7
Оливки фаршированные лососем,кг,174.7
Оливки фаршированные перцем,кг,174.7
Омар (Лобстер) варено-мороженный,кг,102.8
Омуль байкальский х/к,кг,271.0
Орех Арахис ядро,кг,611.8
Орех Бразильский ядро,кг,682.6
Орех Грецкий ядро,кг,688.5
Орех Кедровый ядро,кг,689.4
Орех Кешью ядро,кг,633.6
Орех Макадамия ядро,кг,749.2
Орех Миндаль ядро,кг,648.1
Орех Пекан ядро,кг,690.9
Орех Фисташки соленые поджаренные,кг,603.0
Орех Фундук ядро,кг,706.1
Осетр потрошенный с головой,кг,163.7
Осетр филе с кожей без хрящей,кг,163.7
Основа для супа Гара Тонкоцу,кг,200.7
Основа для супа Тонкоцу Торидол,кг,212.2
Осьминог,кг,109.8
Осьминоги беби,кг,109.8
Отруби,кг,309.8
Палтус филе с кожей без костей,кг,102.6
Панцирь Лобстера,кг,102.8
Панцирь креветки,кг,97.7
Панцирь рака,кг,89.0
Папайя,кг,38.1
Папоротник с/м,кг,44.0
Паста Карри,кг,102.6
Паста Кимчи,кг,95.9
Паста Кочудян Перцовая,кг,329.0
Паста Нутелла Шоколадная,кг,530.2
Паста Тахини (из кунжутного семени),кг,607.7
Пастернак (корень),кг,47.6
Пастила,кг,323.6
Пастрома из индейки,кг,94.2
Пахлава (Баклава) ореховая,кг,374.8
Пекарский порошок (разрыхлитель теста),кг,172.0
Пектин,кг,320.0
Пеленгас (кефаль) филе с/м,кг,83.5
Пельмени Гедза (п/ф пром. пр-ва),кг,194.8
Пельмени Гедза с креветками (п/ф пром. пр-ва),кг,220.5
Пельмени Равиолло,кг,261.7
Пельмени п/ф замороженные,кг,192.5
Перепелки,кг,230.1
Перец Халапеньо консервированный,кг,31.1
Перец болгарский (сладкий),кг,26.4
Перец маринованный,кг,31.1
Перец острый свежий,кг,19.8
Перловая крупа,кг,313.1
Персик консервированный,кг,80.8
Персики свежие,кг,42.5
Перчики Халапеньо в панировке с/м,кг,181.3
Петрушка (корень),кг,53.4
Печень трески,кг,612.9
Печенье витаминизированное,кг,467.9
Печенье сахарное Вафельное,кг,463.2
Печенье сахарное из муки высшего сорта,кг,433.8
Пиво Асахи,кг,14.0
Пиво Кирин,кг,12.8
Пиво светлое,л,1.2
Пита белая,кг,268.5
Питахайя,кг,58.5
Повидло яблочное,кг,262.8
Подсолнечник (семена),кг,572.5
Полуфабрикаты к пиву Mc Cain (луковые кольца, наггетсы...),кг,209.2
Помидоры,кг,21.4
Помидоры без кожицы в собственном соку,кг,11.2
Помидоры соленые,кг,11.7
Помидоры сушеные (в оливковом масле),кг,240.3
Помидоры черри,кг,21.4
Помидоры черри маринованные,кг,11.7
Поросята целые (потрошенные обработанные),кг,109.4
Премикс Флорентинер (Аналог Бинекса),кг,483.0
Простокваша обыкновенная,кг,56.4
Профитроли с соусом, замороженные,кг,351.7
Пряники заварные,кг,355.2
Пшеничная крупа,кг,341.7
Пшенная крупа,кг,352.9
Пюре Кокос с/м,кг,657.4
Пюре Манго с/м,кг,61.0
Пюре Маракуйя с/м,кг,37.2
Пюре Папайя с/м,кг,38.1
Пюре Фруктовое с/м,кг,40.5
Разнорыбица (набор для ухи),кг,108.3
Раки средние,кг,89.0
Раковые шейки,кг,96.4
Ракушки Вонголе с/м,кг,49.9
Рассол огуречный,кг,12.0
Ревень (черешки),кг,13.7
Редис,кг,20.9
Редис белый с ботвой,кг,19.3
Редька,кг,35.4
Редька Маринованная Такуан,кг,30.5
Репа,кг,27.2
Рис,кг,277.8
Рис Дикий,кг,348.5
Рис для суши,кг,277.8
Рисовая бумага (для спринг роллов),шт,332.8
Рисовая крупа,кг,322.6
Ром светлый,л,0.0
Ром темный,кг,0.0
Ростки Фасоли Мунго,кг,37.5
Рыбец вяленый,кг,151.2
Рыбное филе панированное,кг,134.5
Рыбный бульон Даси Пак,кг,362.5
Рыбный бульон Хондаши сухой,кг,125.0
Рябина (садовая),кг,40.9
Рябина черноплодная,кг,50.5
Рябчик,кг,254.0
Ряженка 6% жирности,кг,82.4
Ряпушка спинки вяленые,кг,271.0
Савоярди (бисквитные палочки),кг,389.8
Сайра консервированная в с/соку,кг,135.8
Саке,л,22.0
Салака копченая,кг,152.0
Салат Айсберг,кг,13.1
Салат Корн,кг,17.0
Салат Латук,кг,32.8
Салат Лолло - Бьянко,кг,32.8
Салат Лолло - Россо,кг,32.8
Салат Радичио,кг,21.0
Салат Романо,кг,32.8
Салат Фризе,кг,32.8
Салат Чука (готовый, с/м),кг,142.0
Сарган,кг,82.1
Сардельки говяжьи,кг,215.4
Сардельки свиные,кг,332.4
Сахар Ванильный,кг,399.2
Сахар тростниковый,кг,394.5
Сахар-песок,кг,399.2
Сахар-рафинад,кг,399.6
Сахарин,кг,399.6
Сахарная пудра,кг,399.6
Свекла,кг,43.3
Свеклы листья,кг,32.8
Свинина Мякоть,кг,304.8
Свинина вырезка,кг,141.5
Свинина задняя нога н/к,кг,234.4
Свинина корейка,кг,383.3
Свинина лопатка (или окорок) на кости,кг,383.3
Свинина печень,кг,104.9
Свинина почки,кг,92.4
Свинина ребра,кг,384.2
Свинина рулька (на кости),кг,383.3
Свинина сыровяленная,кг,605.3
Свинина уши,кг,210.9
Свинина шея,кг,383.3
Свиные уши копченые,кг,167.0
Севрюга,кг,160.3
Сельдерей (зелень, стебли),кг,8.0
Сельдерей (корень),кг,32.3
Сельдь с/м,кг,246.3
Сельдь среднесоленая,кг,144.5
Сибасс (морской волк) тушка,кг,102.5
Сироп Ананас,кг,252.8
Сироп Ваниль,кг,252.8
Сироп Гренадин,кг,252.8
Сироп Кленовый,кг,228.0
Сироп Клубничный,кг,252.8
Сироп Кокос,кг,252.8
Сироп Кюрасао,кг,252.8
Сироп Лайм,кг,252.8
Сироп Лесной орех,кг,252.8
Сироп Малиновый,кг,252.8
Сироп Манго,кг,252.8
Сироп Маракуйя,кг,252.8
Сироп Мятный,кг,252.8
Сироп Черная Смородина,кг,252.8
Сироп Яблочный,кг,252.8
Сироп сахарный,кг,252.8
Скумбрия атлантическая обезглавленная,кг,151.2
Скумбрия копченая,кг,151.2
Слива,кг,41.6
Сливки взбитые аэрозольные,кг,311.0
Сливки из коровьего молока 10% жирности,кг,118.0
Сливки из коровьего молока 20% жирности,кг,206.0
Сливки из коровьего молока 33% жирности,кг,319.0
Сливки растительные без сахара,кг,264.8
Сливки растительные кондитерские с сахаром,кг,299.8
Сливки сухие,кг,581.5
Сливы маринованные,кг,55.2
Смесь Tempura Batter Mix,кг,341.8
Смесь Аграм,кг,161.6
Смесь Деревенская,кг,333.9
Смесь Папифарин,кг,379.9
Смесь Рогенколор,кг,321.0
Смесь Спортивная,кг,429.5
Смесь Фаворит,кг,370.0
Смесь для карамели Артистико (Изомальт Е 953),кг,372.0
Смесь для кляра Оттоги,кг,348.0
Смесь для крема сухая,кг,439.7
Смесь для мягкого мороженого Софткрим Ваниль,кг,445.7
Смесь тертых сыров (Италия),кг,370.5
Сметана 10% жирности,кг,113.6
Сметана 15% жирности,кг,159.8
Сметана 20% жирности,кг,204.0
Сметана 25% жирности,кг,246.2
Сметана 30% жирности,кг,292.0
Сметана 36% жирности,кг,344.0
Сметана 40% жирности,кг,380.0
Смородина красная,кг,33.4
Смородина черная,кг,35.0
Сода пищевая,кг,0.0
Соевая паста Широмису,кг,190.0
Соевый лецитин (Soy lecithin),кг,2.0
Сок Виноградный,л,56.4
Сок Вишневый,л,43.6
Сок Гранатовый,л,59.2
Сок Грейпфрутовый,л,33.2
Сок Клюквенный,кг,33.6
Сок Лимонный,л,12.4
Сок Манго,кг,65.2
Сок Мандариновый,л,39.2
Сок Мексиканский Микс,кг,18.0
Сок Морковный,л,28.5
Сок Персиковый,л,69.2
Сок Сливовый,л,65.6
Сок Томатный,л,18.0
Сок Черносмородиновый,л,33.6
Сок Яблочный,л,38.4
Сок абрикосовый,л,56.8
Сок ананасовый,кг,54.0
Сок апельсиновый,л,54.0
Сок концетрированный в ассортименте,кг,228.0
Солод,кг,200.0
Соль Малина & Чили,кг,0.0
Соль Морская,кг,0.0
Соль Морская Черный бархат,кг,0.0
Соль поваренная пищевая,кг,0.0
Сом,кг,114.7
Сорбетто из фруктов,кг,90.0
Сосиска Баварская,кг,318.0
Сосиска Венская,кг,228.0
Сосиски Молочные,кг,265.5
Сосиски говяжьи,кг,225.7
Соус Бальзамический белый,кг,12.0
Соус Бальзамический малиновый,кг,12.0
Соус Барбекю,кг,121.7
Соус Бешамель сухой Knorr,кг,175.0
Соус Бургер,кг,372.2
Соус Ворчестер,кг,68.5
Соус Голландский сухой (Hollandaise),кг,526.0
Соус Грибной,кг,337.4
Соус Гуакамоле,кг,130.0
Соус Деми - Глясс сухой,кг,406.5
Соус Кимчи,кг,94.3
Соус Кисло-сладкий,кг,95.8
Соус Нар - шараб,кг,274.2
Соус Овощной Окономи,кг,418.0
Соус Ореховый,кг,504.1
Соус Сальса,кг,34.6
Соус Табаско,кг,15.2
Соус Тартар,кг,343.5
Соус Терияки,кг,119.9
Соус Ткемали,кг,90.6
Соус Тобанджан (TOBAN DJAN),кг,63.3
Соус Тонкацу,кг,100.1
Соус Унаги,кг,170.0
Соус Устричный тайский,кг,12.4
Соус Французский,кг,525.0
Соус Хойсин,кг,33.2
Соус Цезарь,кг,525.0
Соус Чили,кг,91.9
Соус Чили сладкий,кг,180.7
Соус Чипотле,кг,25.0
Соус Шрирачи,кг,142.9
Соус Южный,кг,121.7
Соус бальзамический темный "Glassy",кг,12.0
Соус лимонный пряный,кг,384.7
Соус рыбный,кг,46.1
Соус сливовый,кг,90.6
Соус соевый,л,74.0
Соус сырный,кг,541.0
Соус томатный,кг,97.2
Спаржа,кг,21.3
Спаржа соевая сушеная,кг,440.0
Специи Анис,кг,239.0
Специи Апельсиновый перец Santa Maria,кг,239.0
Специи Ароматная смесь чили перцев Santa Maria,кг,238.5
Специи Бадьян,г,416.0
Специи Базилик сушеный,кг,239.0
Специи Барбарис,кг,239.0
Специи Ванилин,кг,0.0
Специи Вегетта (приправа),кг,137.4
Специи Гарам Масала (Приправа),кг,379.1
Специи Гвоздика,кг,239.0
Специи Горчицы семена,кг,239.0
Специи Зира,кг,239.0
Специи Кардамон,кг,239.0
Специи Карри (порошок),кг,239.6
Специи Копченая Паприка Santa Maria,кг,239.0
Специи Кориандр,кг,239.0
Специи Корица,кг,44.4
Специи Куркума,кг,239.0
Специи Лавровый лист,кг,239.0
Специи Лесной сбор Santa Maria,кг,291.0
Специи Мускатный орех,кг,349.9
Специи Мята сушеная,кг,239.0
Специи Орегано,кг,239.0
Специи Паприка,кг,315.8
Специи Паста & Базилико Santa Maria,кг,239.0
Специи Перец Кайенский,кг,423.0
Специи Перец Розе,кг,239.0
Специи Перец Чипотле,кг,200.4
Специи Перец белый,кг,60.5
Специи Перец душистый,кг,239.0
Специи Перец зеленый,кг,239.0
Специи Перец черный горошком,кг,73.3
Специи Перец черный молотый,кг,73.3
Специи Перец чили острый,кг,200.4
Специи Приправа Фахита Santa Maria,кг,239.0
Специи Приправа к Птице,кг,239.0
Специи Приправа к рыбе,кг,258.5
Специи Приправа по-корейски,кг,0.0
Специи Прованские травы,кг,345.0
Специи Пять перцев,кг,322.5
Специи Розмарин сушеный,кг,342.0
Специи Смесь для гриля Santa Maria,кг,159.9
Специи Смесь для плова,кг,239.0
Специи Смесь для шашлыка,кг,239.0
Специи Средиземноморские травы,кг,347.0
Специи Сумах,кг,239.0
Специи Тom Kha Santa Maria,кг,239.0
Специи Тикка Массала Santa Maria,кг,239.0
Специи Тимьян сушеный,кг,284.2
Специи Тмин,кг,443.0
Специи Укроп сушеный,кг,239.0
Специи Усянь Мянь (Смесь),кг,239.0
Специи Фахита,кг,357.0
Специи Фенхель семена,кг,239.0
Специи Хмели - сунели,кг,239.0
Специи Шалфей сушеный,кг,327.5
Специи Шафран,кг,239.0
Специи Эстрагон (Тархун) сушеный,кг,239.0
Специи Ягоды можжевельника,кг,239.0
Специи в ассортименте,кг,239.0
Специи для засолки,кг,0.0
Специи имбирь сухой молотый,кг,360.6
Специи смесь для WOK,кг,239.0
Спрайт,л,40.9
Спред 60% жирности,кг,542.4
Стакан бумажный 300 мл,шт,0.0
Стакан бумажный 500 мл,шт,0.0
Стакан прозрачный 250 мл,шт,0.0
Стерлядь тушка,кг,163.7
Судак филе с кожей,кг,83.5
Судак целый,кг,83.5
Суджук,кг,472.7
Сухари панировочные,кг,306.3
Сухари панировочные Панко,кг,381.2
Сухарики Хрус team багет,кг,447.3
Сухофрукты,кг,242.8
Сушки простые,кг,327.3
Сыворотка творожная,кг,19.0
Сыр Cheecorn сублимированный в ассортименте,кг,402.0
Сыр Moondarra в ассортименте,кг,303.0
Сыр Базирон Песто Вердэ,кг,370.0
Сыр Бри,кг,343.1
Сыр Буко (Buko),кг,265.2
Сыр Виола плавленный,кг,311.7
Сыр Гауда,кг,376.6
Сыр Голландский,кг,369.3
Сыр Горгонзолла,кг,310.0
Сыр Грана Падано,кг,384.0
Сыр Грюйер,кг,411.7
Сыр Дабл Крем Чиз,кг,258.3
Сыр Джугас,кг,415.7
Сыр Дор Блю,кг,341.0
Сыр Имеретинский Рассольный,кг,280.9
Сыр Камамбер,кг,303.0
Сыр Карат плавленный,кг,298.0
Сыр Козий Твердый,кг,319.2
Сыр Козий мягкий,кг,231.0
Сыр Комте,кг,401.6
Сыр Копченый (Германия),кг,263.0
Сыр Король Артур,кг,369.4
Сыр Костромской,кг,337.5
Сыр Маасдам,кг,369.3
Сыр Манчего,кг,477.0
Сыр Маскарпоне,кг,381.6
Сыр Моцарелла Ла Паулина,кг,332.6
Сыр Моцарелла рассольный,кг,257.1
Сыр Моцарелла твердый,кг,303.3
Сыр Мраморный,кг,353.0
Сыр Ноби,кг,346.0
Сыр Пармезан,кг,415.7
Сыр Плавленый Колбасный копченый,кг,263.0
Сыр Плавленый Российский,кг,331.0
Сыр Пошехонский,кг,342.5
Сыр Проволоне,кг,350.5
Сыр Рассольный Брынза,кг,252.5
Сыр Рассольный Сулугуни,кг,276.0
Сыр Рассольный Сулугуни (блины),кг,276.0
Сыр Рассольный Сулугуни (нити),кг,276.0
Сыр Рассольный сулугуни копченый,кг,276.0
Сыр Рикота,кг,116.0
Сыр Рокфор,кг,332.0
Сыр Российский,кг,353.0
Сыр Сливочный,кг,311.7
Сыр Тофу,кг,63.0
Сыр Фета,кг,250.2
Сыр Фетаки,кг,225.0
Сыр Чеддер,кг,368.5
Сыр Эдам,кг,340.8
Сыр Эмменталь,кг,364.8
Сырки глазированные,кг,412.2
Сырные палочки в панировке с/м,кг,310.5
Тарелка 10 см,шт,0.0
Тарелка 22 см,шт,0.0
Тарелка 30 см,шт,0.0
Тарелка суповая,шт,0.0
Творог жирный,кг,229.2
Творог нежирный,кг,84.6
Творог полужирный,кг,155.8
Текила,л,0.0
Телятина 1 категории,кг,96.8
Телятина Вырезка,кг,106.0
Терпуг филе с/м,кг,83.5
Тесто Фило,кг,292.8
Тесто слоеное,кг,411.7
Толстолоб филе с/м,кг,116.5
Толстолоб целый,кг,116.5
Томат-паста,кг,95.2
Томат-пюре,кг,61.6
Томат-пюре Mutti Pizza Sauce Classic,кг,31.9
Тоник,кг,36.0
Топпинг ванильный,кг,279.7
Топпинг карамельный,кг,299.3
Топпинг клубничный,кг,260.0
Топпинг кофейный,кг,284.8
Топпинг персиковый,кг,260.0
Топпинг черничный,кг,242.1
Топпинг шоколадный,кг,286.1
Торт Тирамису замороженный,шт,317.4
Торт Шоколадный трюфельный,шт,382.1
Торт со взбитыми сливками без фруктов, замороженный,кг,382.1
Торт со взбитыми сливками с фруктами, замороженный,кг,298.4
Тортеллини п/ф замороженные,кг,192.5
Торты пром. производства с отделками на основе взбитых сливок,кг,382.1
Треска потрошенная обезглавленная,кг,83.5
Треска филе,кг,83.5
Трюфельная паста,кг,99.7
Тунец консервированный в с/с,кг,96.3
Тунец стружка Бонито,кг,342.8
Тунец филе,кг,136.3
Тунец филе х/к,кг,137.9
Турша,кг,34.7
Тыква,кг,21.7
Тыквы семена,кг,572.5
Уголь активированный,кг,0.0
Угорь,кг,332.5
Угорь жареный в соусе унаги (Китай),кг,215.0
Украшения сахарные,кг,393.0
Уксус 3%,кг,0.0
Уксус 9%,кг,0.0
Уксус Винный,кг,0.0
Уксус Малиновый,кг,0.0
Уксус Херес,кг,0.0
Уксус бальзамический белый,кг,85.6
Уксус бальзамический темный,кг,85.6
Уксус рисовый,кг,54.0
Уксус яблочный,кг,3.7
Уксусная эссенция 70%,кг,0.0
Улитки по Бургундски с/м,кг,308.1
Улучшитель для дрожжевого теста,кг,195.1
Упаковка для детского набора картонная,шт,0.0
Упаковка для картофеля фри бумажная,шт,0.0
Упаковка для картофеля фри картонная,шт,0.0
Устрицы сырые,кг,49.1
Утиная грудка копченая,кг,126.7
Утка (тушка 1 категории),кг,405.2
Утка ножки,кг,352.0
Утка печень,кг,405.2
Утка филе грудки,кг,380.0
Утка филе грудки на кости,кг,352.0
Фазан,кг,252.0
Фасоль (стручок) с/м,кг,26.7
Фасоль бобы,кг,288.4
Фасоль консервированная (бобы),кг,92.0
Фасоль стручковая консервированная,кг,15.7
Фенхель свежий,кг,12.6
Физалис,кг,35.0
Финики сушеные,кг,287.0
Форель радужная с/м,кг,179.8
Фуа - гра (печень) утиная с/м,кг,552.0
Хариус тушка,кг,88.0
Хек,кг,86.2
Хлеб бородинский,шт,201.7
Хлеб для сэндвича пшеничный,кг,253.3
Хлеб для сэндвича ржаной,кг,201.7
Хлеб пшеничный формовой,шт,189.8
Хлебцы ржаные,кг,325.4
Хлопья рыбные,кг,374.0
Хрен готовый,кг,285.0
Хрен корень,кг,44.0
Хумус,кг,175.2
Хурма,кг,54.8
Цедра апельсина,кг,65.4
Цесарка,кг,252.0
Цикорий сырой,кг,18.6
Цукаты,кг,230.0
Чай Дарджилинг,кг,2.8
Чай Жень Шень Улун,кг,2.8
Чай Зеленый с жасмином,кг,2.8
Чай Каркаде,кг,141.9
Чай Молочный Улун,кг,141.9
Чай Мята,кг,2.8
Чай Наглый Фрукт,кг,141.9
Чай Ройбуш фруктовый,кг,141.9
Чай Ромашка,кг,2.8
Чай Цветки липы,кг,2.8
Чай Черный,кг,141.9
Чай Черный с чабрецом,кг,141.9
Чай Эрл Грей,кг,141.9
Чай зеленый Сенча,кг,2.8
Чайный лист,кг,141.9
Черева (оболочка для колбасок) обработанная (в соли),кг,207.0
Черемша,кг,34.9
Черемша маринованная,кг,41.3
Черешня,кг,50.4
Черника,кг,41.8
Чернила Каракатицы,кг,74.5
Чернослив без косточек,кг,242.8
Чеснок,кг,46.8
Чеснок Сушеный гранулированный,кг,107.2
Чеснок маринованный,кг,46.8
Чеснок стрелки,кг,46.8
Чечевица,кг,280.3
Чиабатта 250 грамм,шт,283.9
Чиабатта Биг Сэндвич 175*190 мм,шт,284.5
Чизкейк замороженный,кг,302.6
Чизкейк шоколадный,кг,333.8
Чизкейк ягодный замороженный,кг,333.8
Чипсы картофельные,кг,536.4
Чипсы креветочные (Китай),кг,352.8
Чипсы кукурузные,кг,474.2
Шарики хрустящие в шоколаде (Crispies gusto cacao),кг,425.1
Шелковица (плоды),кг,50.8
Шемайя азовская,кг,151.2
Шиповник сушеный,кг,219.4
Шишки Сосновые,кг,0.0
Шоколад без добавлений,кг,549.7
Шоколад белый,кг,558.5
Шоколад горячий растворимый (порошок),кг,358.4
Шоколад молочный,кг,558.5
Шоколад с целым и дробленым орехом,кг,586.5
Шпик свиной,кг,867.8
Шпик свиной соленый,кг,815.6
Шпикачки,кг,361.7
Шпинат,кг,22.3
Шпроты,кг,362.8
Штрудель фруктовый пром. производства,кг,260.5
Щавель,кг,18.0
Щука,кг,83.5
Экстракт жидкого дыма,кг,0.0
Яблоки,кг,44.4
Яблоки моченые,кг,44.4
Ягненок каре,кг,197.6
Ягоды ассорти с/м,кг,32.0
Язык Говяжий,кг,172.9
Язык баранины,кг,217.3
Язык свиной,кг,207.6
Яичный Лист,кг,374.2
Яичный порошок,кг,537.7
Яйца куриные,шт,157.1
Яйца куриные (белок),шт,36.0
Яйца куриные (желток),шт,338.9
Яйца перепелиные,шт,167.9
Яйца перепелиные маринованные,кг,165.0
Ячневая крупа,кг,311.0
